ID,Quando,Tipo,Imagens,Legenda,Estado,Notas,Resultado,Pasta
P16,2026-11-02 20:00,CARROSSEL,"https://raw.githubusercontent.com/mpcbarbosa/ninguem-nasce-ensinado-media/main/media/2026-11/P16/01.jpg,https://raw.githubusercontent.com/mpcbarbosa/ninguem-nasce-ensinado-media/main/media/2026-11/P16/02.jpg,https://raw.githubusercontent.com/mpcbarbosa/ninguem-nasce-ensinado-media/main/media/2026-11/P16/03.jpg,https://raw.githubusercontent.com/mpcbarbosa/ninguem-nasce-ensinado-media/main/media/2026-11/P16/04.jpg,https://raw.githubusercontent.com/mpcbarbosa/ninguem-nasce-ensinado-media/main/media/2026-11/P16/05.jpg,https://raw.githubusercontent.com/mpcbarbosa/ninguem-nasce-ensinado-media/main/media/2026-11/P16/06.jpg,https://raw.githubusercontent.com/mpcbarbosa/ninguem-nasce-ensinado-media/main/media/2026-11/P16/07.jpg","A história de sempre pode render muito mais palavras.

Na leitura dialógica, o adulto lê COM a criança: faz perguntas abertas, espera pela resposta e acrescenta uma palavra ou uma ideia ao que ela diz. Uma meta-análise sugere que esta forma de ler traz um ganho moderado no vocabulário expressivo, em comparação com a leitura habitual. O efeito foi maior aos 2–3 anos e mais pequeno aos 4–5 anos e em crianças em risco. Os estudos são poucos, pequenos e quase todos em inglês, mas a técnica adapta-se a qualquer livro em português.

Fonte: Mol, Bus, de Jong & Smeets (2008), Early Education and Development; Whitehurst et al. (1988), Developmental Psychology.

#ninguemnasceensinado #leituradialogica #lerhistorias #vocabulario #linguagem #pais #educadores",Aprovado,,,media/2026-11/P16
N16,2026-11-02 20:15,STORY,https://raw.githubusercontent.com/mpcbarbosa/ninguem-nasce-ensinado-media/main/media/2026-11/N16/01.jpg,,Aprovado,Story «novo post» — sai depois do post P16,,media/2026-11/N16
SD5,2026-11-03 12:30,STORY,https://raw.githubusercontent.com/mpcbarbosa/ninguem-nasce-ensinado-media/main/media/2026-11/SD5/01.jpg,,Aprovado,Dica do dia,,media/2026-11/SD5
R07,2026-11-03 20:00,REEL,https://raw.githubusercontent.com/mpcbarbosa/ninguem-nasce-ensinado-media/main/media/2026-11/R07/reel.mp4,"Reler dá a sensação de saber. Tentar lembrar é que ensina.

A investigação mostra consistentemente que tentar recordar a matéria deixa mais memória a prazo do que voltar a lê-la. Curiosamente, quem relê fica mais confiante… e lembra-se de menos. Não é preciso nota nem pressão: o benefício vem do esforço de ir buscar a informação.

Fonte: Roediger & Karpicke (2006), Psychological Science; Rowland (2014), Psychological Bulletin.

#ninguemnasceensinado #estudarmelhor #praticaderecuperacao #aprendizagem #trabalhosdecasa #ciencianaeducacao",Aprovado,,,media/2026-11/R07
P17,2026-11-04 20:00,IMAGEM,https://raw.githubusercontent.com/mpcbarbosa/ninguem-nasce-ensinado-media/main/media/2026-11/P17/01.jpg,"Saber dizer «1, 2, 3… 20» não é o mesmo que saber quantos há.

A investigação é clara: recitar a sequência e compreender quantidades são aprendizagens diferentes, que surgem em momentos diferentes. Contar exige apontar um objeto por palavra e perceber que a última palavra diz quantos há. Nos estudos, as crianças aprenderam primeiro o significado do 1, depois do 2 e do 3, e só mais tarde (em média por volta dos 3 anos e meio, com grande variação) perceberam que contar serve para saber «quantos». Pede «dá-me 4 colheres» e observa: se trouxer um punhado, é uma etapa normal.

Fonte: Wynn (1990), Cognition; Sarnecka & Carey (2008), Cognition.

#ninguemnasceensinado #matematicaemcasa #primeirosnumeros #contar #preescolar #pais #educadores",Aprovado,,,media/2026-11/P17
N17,2026-11-04 20:15,STORY,https://raw.githubusercontent.com/mpcbarbosa/ninguem-nasce-ensinado-media/main/media/2026-11/N17/01.jpg,,Aprovado,Story «novo post» — sai depois do post P17,,media/2026-11/N17
SS5,2026-11-05 12:30,STORY,https://raw.githubusercontent.com/mpcbarbosa/ninguem-nasce-ensinado-media/main/media/2026-11/SS5/01.jpg,,Aprovado,Sabias que…?,,media/2026-11/SS5
R08,2026-11-05 20:00,REEL,https://raw.githubusercontent.com/mpcbarbosa/ninguem-nasce-ensinado-media/main/media/2026-11/R08/reel.mp4,"«Comeu bolo, ficou elétrico.» Será?

Uma meta-análise de 16 estudos com placebo não encontrou efeito do açúcar no comportamento nem no desempenho cognitivo das crianças. Os estudos são antigos e pequenos e não excluem efeitos ligeiros em alguns casos. E atenção: isto não faz do açúcar um alimento saudável.

Fonte: Wolraich, Wilson & White (1995), JAMA.

#ninguemnasceensinado #mitos #neuromitos #acucar #festasdeanos #parentalidade #ciencianaeducacao",Aprovado,,,media/2026-11/R08
P18,2026-11-06 20:00,CARROSSEL,"https://raw.githubusercontent.com/mpcbarbosa/ninguem-nasce-ensinado-media/main/media/2026-11/P18/01.jpg,https://raw.githubusercontent.com/mpcbarbosa/ninguem-nasce-ensinado-media/main/media/2026-11/P18/02.jpg,https://raw.githubusercontent.com/mpcbarbosa/ninguem-nasce-ensinado-media/main/media/2026-11/P18/03.jpg,https://raw.githubusercontent.com/mpcbarbosa/ninguem-nasce-ensinado-media/main/media/2026-11/P18/04.jpg,https://raw.githubusercontent.com/mpcbarbosa/ninguem-nasce-ensinado-media/main/media/2026-11/P18/05.jpg,https://raw.githubusercontent.com/mpcbarbosa/ninguem-nasce-ensinado-media/main/media/2026-11/P18/06.jpg,https://raw.githubusercontent.com/mpcbarbosa/ninguem-nasce-ensinado-media/main/media/2026-11/P18/07.jpg","Se a birra de hoje te fez duvidar de ti, isto é para ti.

Num estudo com 1490 crianças pequenas, 83,7% tinham birras às vezes e só 8,6% tinham birras todos os dias. A investigação mostra que as birras ocasionais, por frustração, são esperadas nesta idade: não são sinal de má educação nem de criança mimada. O que justifica mais atenção é o padrão: birras diárias, muito longas, imprevisíveis ou destrutivas, que persistem e interferem com o dia a dia. Mesmo assim, isso é razão para pedir avaliação, não um diagnóstico. (Estudo nos EUA, com base no relato dos pais.)

Fonte: Wakschlag et al. (2012), Journal of Child Psychology and Psychiatry.

#ninguemnasceensinado #birras #parentalidade #desenvolvimentoinfantil #emocoes #preescolar #pais",Aprovado,,,media/2026-11/P18
N18,2026-11-06 20:15,STORY,https://raw.githubusercontent.com/mpcbarbosa/ninguem-nasce-ensinado-media/main/media/2026-11/N18/01.jpg,,Aprovado,Story «novo post» — sai depois do post P18,,media/2026-11/N18
P19,2026-11-09 20:00,CARROSSEL,"https://raw.githubusercontent.com/mpcbarbosa/ninguem-nasce-ensinado-media/main/media/2026-11/P19/01.jpg,https://raw.githubusercontent.com/mpcbarbosa/ninguem-nasce-ensinado-media/main/media/2026-11/P19/02.jpg,https://raw.githubusercontent.com/mpcbarbosa/ninguem-nasce-ensinado-media/main/media/2026-11/P19/03.jpg,https://raw.githubusercontent.com/mpcbarbosa/ninguem-nasce-ensinado-media/main/media/2026-11/P19/04.jpg,https://raw.githubusercontent.com/mpcbarbosa/ninguem-nasce-ensinado-media/main/media/2026-11/P19/05.jpg,https://raw.githubusercontent.com/mpcbarbosa/ninguem-nasce-ensinado-media/main/media/2026-11/P19/06.jpg","Fala pelos cotovelos e escreve duas linhas? Pode não ser falta de ideias.

A investigação mostra que gerar ideias e transcrevê-las são componentes diferentes da escrita. Quando a letra e a ortografia ainda exigem esforço, ocupam espaço na memória de trabalho e sobra menos para o conteúdo. Uma forma de perceber onde está a dificuldade: pede-lhe que dite a história enquanto tu escreves. Numa meta-análise com alunos com dificuldades de aprendizagem, ditar o texto teve um efeito moderado na qualidade. Não substitui o treino da letra: letra, ortografia, leitura e fala contam todas.

Fonte: McCutchen (1996), Educational Psychology Review; Kent & Wanzek (2016), Review of Educational Research; Gillespie & Graham (2014), Exceptional Children.

#ninguemnasceensinado #escrita #aprenderaescrever #caligrafia #primeirociclo #pais #professores",Aprovado,,,media/2026-11/P19
N19,2026-11-09 20:15,STORY,https://raw.githubusercontent.com/mpcbarbosa/ninguem-nasce-ensinado-media/main/media/2026-11/N19/01.jpg,,Aprovado,Story «novo post» — sai depois do post P19,,media/2026-11/N19
SD6,2026-11-10 12:30,STORY,https://raw.githubusercontent.com/mpcbarbosa/ninguem-nasce-ensinado-media/main/media/2026-11/SD6/01.jpg,,Aprovado,Dica do dia,,media/2026-11/SD6
R09,2026-11-10 20:00,REEL,https://raw.githubusercontent.com/mpcbarbosa/ninguem-nasce-ensinado-media/main/media/2026-11/R09/reel.mp4,"«Quero mais juice.» Não é confusão.

Os estudos mostram que as crianças que misturam línguas na mesma frase distinguem bem as duas. A mistura é uma parte normal do desenvolvimento bilingue, e os adultos bilingues também o fazem. Mais importante do que evitar misturas é dar muita conversa em cada língua.

Fonte: Byers-Heinlein & Lew-Williams (2013), LEARNing Landscapes; Genesee, Nicoladis & Paradis (1995), Journal of Child Language.

#ninguemnasceensinado #bilinguismo #duaslinguas #linguagem #familiasbilingues #parentalidade",Aprovado,,,media/2026-11/R09
P20,2026-11-11 20:00,IMAGEM,https://raw.githubusercontent.com/mpcbarbosa/ninguem-nasce-ensinado-media/main/media/2026-11/P20/01.jpg,"«Ele já lê os letreiros todos!» Será?

Segundo o modelo de fases de Linnea Ehri, reconhecer um logótipo ou um letreiro pelas cores e pela forma é a fase pré-alfabética: normal, e até interessante. Ler, de facto, implica ligar as letras aos sons da fala. Por isso, conhecer as letras e brincar com os sons das palavras prepara o passo seguinte. Em português, a fase alfabética plena chega mais cedo do que em inglês.

Fonte: Ehri (2005), Scientific Studies of Reading.

#ninguemnasceensinado #aprenderaler #literaciaemergente #preescolar #leitura #pais #educadores",Aprovado,,,media/2026-11/P20
N20,2026-11-11 20:15,STORY,https://raw.githubusercontent.com/mpcbarbosa/ninguem-nasce-ensinado-media/main/media/2026-11/N20/01.jpg,,Aprovado,Story «novo post» — sai depois do post P20,,media/2026-11/N20
SS6,2026-11-12 12:30,STORY,https://raw.githubusercontent.com/mpcbarbosa/ninguem-nasce-ensinado-media/main/media/2026-11/SS6/01.jpg,,Aprovado,Sabias que…?,,media/2026-11/SS6
R10,2026-11-12 20:00,REEL,https://raw.githubusercontent.com/mpcbarbosa/ninguem-nasce-ensinado-media/main/media/2026-11/R10/reel.mp4,"Ficas bom no jogo… e só no jogo.

A evidência mostra que os programas de «treino cerebral» melhoram sobretudo as tarefas treinadas. Há menos evidência de ganhos em tarefas parecidas e pouca de melhorias no dia a dia. O cérebro muda com a experiência, sim, mas a melhoria tende a ser específica.

Fonte: Simons et al. (2016), Psychological Science in the Public Interest.

#ninguemnasceensinado #funcoesexecutivas #treinocerebral #mitos #aprendizagem #ciencianaeducacao",Aprovado,,,media/2026-11/R10
P21,2026-11-13 20:00,CARROSSEL,"https://raw.githubusercontent.com/mpcbarbosa/ninguem-nasce-ensinado-media/main/media/2026-11/P21/01.jpg,https://raw.githubusercontent.com/mpcbarbosa/ninguem-nasce-ensinado-media/main/media/2026-11/P21/02.jpg,https://raw.githubusercontent.com/mpcbarbosa/ninguem-nasce-ensinado-media/main/media/2026-11/P21/03.jpg,https://raw.githubusercontent.com/mpcbarbosa/ninguem-nasce-ensinado-media/main/media/2026-11/P21/04.jpg,https://raw.githubusercontent.com/mpcbarbosa/ninguem-nasce-ensinado-media/main/media/2026-11/P21/05.jpg,https://raw.githubusercontent.com/mpcbarbosa/ninguem-nasce-ensinado-media/main/media/2026-11/P21/06.jpg,https://raw.githubusercontent.com/mpcbarbosa/ninguem-nasce-ensinado-media/main/media/2026-11/P21/07.jpg","Preocupação com o desenvolvimento, a fala, a aprendizagem ou o comportamento? Em Portugal há várias portas de entrada.

O médico de família ou o pediatra é o primeiro ponto: as consultas de saúde infantil têm idades-chave, mas não rígidas. Até aos 6 anos, podes contactar diretamente a intervenção precoce (SNIPI), sem esperar por um encaminhamento. Na escola, o Decreto-Lei n.º 54/2018 permite que sejam os pais a pedir, por escrito, a identificação da necessidade de medidas de apoio, sem diagnóstico clínico. O psicólogo escolar (SPO) também pode ser contactado através do diretor de turma. Para dúvidas urgentes, SNS 24; em risco de vida, 112.

Fonte: Direção-Geral da Saúde (2013), Norma n.º 010/2013; SNIPI, site oficial; Decreto-Lei n.º 54/2018, Diário da República; Ordem dos Psicólogos Portugueses (2018), documento técnico.

#ninguemnasceensinado #emportugal #intervencaoprecoce #educacaoinclusiva #saudeinfantil #pais #educadores",Aprovado,,,media/2026-11/P21
N21,2026-11-13 20:15,STORY,https://raw.githubusercontent.com/mpcbarbosa/ninguem-nasce-ensinado-media/main/media/2026-11/N21/01.jpg,,Aprovado,Story «novo post» — sai depois do post P21,,media/2026-11/N21
P22,2026-11-16 20:00,IMAGEM,https://raw.githubusercontent.com/mpcbarbosa/ninguem-nasce-ensinado-media/main/media/2026-11/P22/01.jpg,"Ser firme não obriga a ser frio. Ser carinhoso não obriga a ceder em tudo.

O estilo autoritário impõe regras sem explicar. O autoritativo combina regras claras com afeto, explicação e espaço para a autonomia da criança. Uma meta-análise com mais de 1400 estudos mostra que afeto, regras claras e estilo autoritativo se associam, em média, a menos problemas de comportamento, e que o controlo duro se associa a mais. Os efeitos são pequenos e a relação é de dois sentidos: os pais influenciam os filhos e os filhos influenciam os pais.

Fonte: Baumrind (1966), Child Development; Pinquart (2017), Developmental Psychology.

#ninguemnasceensinado #parentalidade #limites #educarcomafeto #estilosparentais #pais",Aprovado,,,media/2026-11/P22
N22,2026-11-16 20:15,STORY,https://raw.githubusercontent.com/mpcbarbosa/ninguem-nasce-ensinado-media/main/media/2026-11/N22/01.jpg,,Aprovado,Story «novo post» — sai depois do post P22,,media/2026-11/N22
SD7,2026-11-17 12:30,STORY,https://raw.githubusercontent.com/mpcbarbosa/ninguem-nasce-ensinado-media/main/media/2026-11/SD7/01.jpg,,Aprovado,Dica do dia,,media/2026-11/SD7
R11,2026-11-17 20:00,REEL,https://raw.githubusercontent.com/mpcbarbosa/ninguem-nasce-ensinado-media/main/media/2026-11/R11/reel.mp4,"Fazer tudo ao mesmo tempo? O cérebro está, afinal, sempre a trocar.

Está bem documentado que, quando trocamos de tarefa, respondemos mais devagar e com mais erros. Preparar a troca reduz o custo, mas normalmente não o elimina. Estes custos foram medidos em tarefas simples de laboratório, por isso a passagem para o estudo pede alguma cautela.

Fonte: Monsell (2003), Trends in Cognitive Sciences.

#ninguemnasceensinado #atencao #multitarefa #estudarmelhor #trabalhosdecasa #ciencianaeducacao",Aprovado,,,media/2026-11/R11
P23,2026-11-18 20:00,CARROSSEL,"https://raw.githubusercontent.com/mpcbarbosa/ninguem-nasce-ensinado-media/main/media/2026-11/P23/01.jpg,https://raw.githubusercontent.com/mpcbarbosa/ninguem-nasce-ensinado-media/main/media/2026-11/P23/02.jpg,https://raw.githubusercontent.com/mpcbarbosa/ninguem-nasce-ensinado-media/main/media/2026-11/P23/03.jpg,https://raw.githubusercontent.com/mpcbarbosa/ninguem-nasce-ensinado-media/main/media/2026-11/P23/04.jpg,https://raw.githubusercontent.com/mpcbarbosa/ninguem-nasce-ensinado-media/main/media/2026-11/P23/05.jpg,https://raw.githubusercontent.com/mpcbarbosa/ninguem-nasce-ensinado-media/main/media/2026-11/P23/06.jpg,https://raw.githubusercontent.com/mpcbarbosa/ninguem-nasce-ensinado-media/main/media/2026-11/P23/07.jpg","Dezasseis diz «dez e seis». E onze, diz o quê?

Em português, de onze a quinze os nomes escondem a estrutura «dez e…», ao contrário de dezasseis a dezanove. Um estudo que comparou crianças chinesas (em chinês, 11 diz-se «dez-um») e norte-americanas sugere que nomes mais transparentes facilitam aspetos específicos da contagem acima de 10, sem indicar diferenças de capacidade. Para o português não há estudo direto, por isso vale a pena ser prudente. Ainda assim, dizer de vez em quando «onze é dez e um», com objetos agrupados em 10, ajuda a tornar visível o que a palavra esconde.

Fonte: Miller, Smith, Zhu & Zhang (1995), Psychological Science; Fuson & Kwon (1992), Child Development.

#ninguemnasceensinado #matematicaemcasa #numeros #dezenas #primeirociclo #preescolar #pais #professores",Aprovado,,,media/2026-11/P23
N23,2026-11-18 20:15,STORY,https://raw.githubusercontent.com/mpcbarbosa/ninguem-nasce-ensinado-media/main/media/2026-11/N23/01.jpg,,Aprovado,Story «novo post» — sai depois do post P23,,media/2026-11/N23
SS7,2026-11-19 12:30,STORY,https://raw.githubusercontent.com/mpcbarbosa/ninguem-nasce-ensinado-media/main/media/2026-11/SS7/01.jpg,,Aprovado,Sabias que…?,,media/2026-11/SS7
R12,2026-11-19 20:00,REEL,https://raw.githubusercontent.com/mpcbarbosa/ninguem-nasce-ensinado-media/main/media/2026-11/R12/reel.mp4,"Não é preguiça: o relógio mudou.

A investigação mostra consistentemente que, na adolescência, o horário de sono se desloca para mais tarde. Junta-se a vida social, a autonomia e as aulas que continuam a começar cedo: o tempo de sono encolhe. Não é tudo biologia nem tudo telemóvel. Se a dificuldade em adormecer e acordar for persistente e prejudicar a escola, vale a pena falar com o médico.

Fonte: Carskadon (2011), Pediatric Clinics of North America; Crowley, Acebo & Carskadon (2007), Sleep Medicine.

#ninguemnasceensinado #adolescencia #sono #crescer #parentalidade #ciencianaeducacao",Aprovado,,,media/2026-11/R12
P24,2026-11-20 20:00,IMAGEM,https://raw.githubusercontent.com/mpcbarbosa/ninguem-nasce-ensinado-media/main/media/2026-11/P24/01.jpg,"Comparar é inevitável. Mas a criança do lado não é a régua.

A investigação documenta consistentemente uma enorme variabilidade normal na linguagem dos primeiros anos. Isso não significa ignorar sinais de alerta: entre os 2 e os 3 anos, por exemplo, não dizer nenhuma palavra, interagir muito pouco ou perder palavras que já dizia justificam falar com o médico de família ou o pediatra. A tua preocupação conta e é um bom ponto de partida para pedir avaliação. Em Portugal já existem instrumentos de relato parental para o português europeu, usados por profissionais.

Fonte: Fenson et al. (1994), Monographs of the Society for Research in Child Development; Frota et al. (2016), First Language; Bishop et al. (2016), PLOS ONE.

#ninguemnasceensinado #desenvolvimentodalinguagem #falar #linguagem #sinaisdealerta #pais #educadores",Aprovado,,,media/2026-11/P24
N24,2026-11-20 20:15,STORY,https://raw.githubusercontent.com/mpcbarbosa/ninguem-nasce-ensinado-media/main/media/2026-11/N24/01.jpg,,Aprovado,Story «novo post» — sai depois do post P24,,media/2026-11/N24
P25,2026-11-23 20:00,CARROSSEL,"https://raw.githubusercontent.com/mpcbarbosa/ninguem-nasce-ensinado-media/main/media/2026-11/P25/01.jpg,https://raw.githubusercontent.com/mpcbarbosa/ninguem-nasce-ensinado-media/main/media/2026-11/P25/02.jpg,https://raw.githubusercontent.com/mpcbarbosa/ninguem-nasce-ensinado-media/main/media/2026-11/P25/03.jpg,https://raw.githubusercontent.com/mpcbarbosa/ninguem-nasce-ensinado-media/main/media/2026-11/P25/04.jpg,https://raw.githubusercontent.com/mpcbarbosa/ninguem-nasce-ensinado-media/main/media/2026-11/P25/05.jpg,https://raw.githubusercontent.com/mpcbarbosa/ninguem-nasce-ensinado-media/main/media/2026-11/P25/06.jpg,https://raw.githubusercontent.com/mpcbarbosa/ninguem-nasce-ensinado-media/main/media/2026-11/P25/07.jpg","«Olha nos olhos, é carinhoso, não pode ser autista.» Pode.

As orientações clínicas são claras: nenhum comportamento isolado confirma ou exclui autismo, e o bom contacto visual não é razão para o excluir. Também não existe um teste ou análise que o diagnostique: o diagnóstico é clínico, feito por uma equipa, com instrumentos padronizados. Os questionários de rastreio servem para orientar, em contexto de saúde. Num grande estudo, cerca de metade das crianças com rastreio positivo não eram autistas, mas quase todas tinham alguma questão de desenvolvimento a acompanhar. Se algo te preocupa, leva as tuas observações à consulta. Não é para diagnosticar em casa.

Fonte: NICE (2011), Clinical Guideline CG128; Robins et al. (2014), Pediatrics; Hirota & King (2023), JAMA; Hyman, Levy & Myers (2020), Pediatrics.

#ninguemnasceensinado #autismo #neurodesenvolvimento #desenvolvimentoinfantil #saudeinfantil #pais #educadores",Aprovado,,,media/2026-11/P25
N25,2026-11-23 20:15,STORY,https://raw.githubusercontent.com/mpcbarbosa/ninguem-nasce-ensinado-media/main/media/2026-11/N25/01.jpg,,Aprovado,Story «novo post» — sai depois do post P25,,media/2026-11/N25
SD8,2026-11-24 12:30,STORY,https://raw.githubusercontent.com/mpcbarbosa/ninguem-nasce-ensinado-media/main/media/2026-11/SD8/01.jpg,,Aprovado,Dica do dia,,media/2026-11/SD8
R13,2026-11-24 20:00,REEL,https://raw.githubusercontent.com/mpcbarbosa/ninguem-nasce-ensinado-media/main/media/2026-11/R13/reel.mp4,"Estudar tudo na véspera dá o mesmo? Para o teste de amanhã, talvez. Para o que fica, não.

A investigação mostra consistentemente que distribuir o estudo por várias sessões melhora a retenção a prazo. Uma meta-análise reuniu 317 experiências; outro estudo, com mais de 1350 pessoas, mostrou que o intervalo ideal entre sessões cresce com o tempo que queremos lembrar. Não há um intervalo mágico: depende de quando é o teste.

Fonte: Cepeda et al. (2006), Psychological Bulletin; Cepeda et al. (2008), Psychological Science.

#ninguemnasceensinado #estudarmelhor #estudoespacado #testes #aprendizagem #ciencianaeducacao",Aprovado,,,media/2026-11/R13
P26,2026-11-25 20:00,CARROSSEL,"https://raw.githubusercontent.com/mpcbarbosa/ninguem-nasce-ensinado-media/main/media/2026-11/P26/01.jpg,https://raw.githubusercontent.com/mpcbarbosa/ninguem-nasce-ensinado-media/main/media/2026-11/P26/02.jpg,https://raw.githubusercontent.com/mpcbarbosa/ninguem-nasce-ensinado-media/main/media/2026-11/P26/03.jpg,https://raw.githubusercontent.com/mpcbarbosa/ninguem-nasce-ensinado-media/main/media/2026-11/P26/04.jpg,https://raw.githubusercontent.com/mpcbarbosa/ninguem-nasce-ensinado-media/main/media/2026-11/P26/05.jpg,https://raw.githubusercontent.com/mpcbarbosa/ninguem-nasce-ensinado-media/main/media/2026-11/P26/06.jpg,https://raw.githubusercontent.com/mpcbarbosa/ninguem-nasce-ensinado-media/main/media/2026-11/P26/07.jpg","«PTO» não é um disparate. É uma criança a ouvir a palavra.

Chama-se escrita inventada: a criança de 4–6 anos tenta escrever pelos sons, «à sua maneira». Vários estudos, entre eles um ensaio com 108 crianças portuguesas de 5 anos, sugerem que estas tentativas, acompanhadas de feedback, ajudam a aprender a ler e a escrever palavras. O feedback faz parte do efeito: valorizar o que já está certo, mostrar a forma convencional e comparar as duas. Os efeitos medidos são de curto prazo.

Fonte: Alves Martins, Albuquerque, Salvador & Silva (2013), Journal of Writing Research; Ouellette & Sénéchal (2008), Child Development.

#ninguemnasceensinado #escritainventada #preescolar #aprenderaescrever #literaciaemergente #pais #educadores",Aprovado,,,media/2026-11/P26
N26,2026-11-25 20:15,STORY,https://raw.githubusercontent.com/mpcbarbosa/ninguem-nasce-ensinado-media/main/media/2026-11/N26/01.jpg,,Aprovado,Story «novo post» — sai depois do post P26,,media/2026-11/N26
SS8,2026-11-26 12:30,STORY,https://raw.githubusercontent.com/mpcbarbosa/ninguem-nasce-ensinado-media/main/media/2026-11/SS8/01.jpg,,Aprovado,Sabias que…?,,media/2026-11/SS8
R14,2026-11-26 20:00,REEL,https://raw.githubusercontent.com/mpcbarbosa/ninguem-nasce-ensinado-media/main/media/2026-11/R14/reel.mp4,"Só usamos 10% do cérebro? Não. Usamos o cérebro todo, só não usamos tudo ao mesmo tempo.

Não há uma parte «adormecida» à espera de ser ativada. Ainda assim, num estudo com professores do Reino Unido e dos Países Baixos, 46–48% concordaram com o mito, e a OCDE incluiu-o na sua lista de neuromitos. Não é falta de preparação: os mitos são intuitivos e estão muito espalhados.

Fonte: Dekker et al. (2012), Frontiers in Psychology; OCDE (2007), OECD Publishing.

#ninguemnasceensinado #neuromitos #mitos #cerebro #educacao #ciencianaeducacao",Aprovado,,,media/2026-11/R14
P27,2026-11-27 20:00,IMAGEM,https://raw.githubusercontent.com/mpcbarbosa/ninguem-nasce-ensinado-media/main/media/2026-11/P27/01.jpg,"Os bebés são egoístas? A investigação diz outra coisa.

Numa experiência clássica, crianças de 18 meses ajudaram um adulto em várias situações diferentes, sem ganhar nada com isso. Para ajudar, é preciso perceber o que o outro quer fazer e ter vontade de o ajudar. Aceitar essa ajuda, mesmo quando torna tudo mais lento, é uma forma simples de a valorizar. Esta parte é uma inferência razoável: a forma como os adultos respondem foi menos estudada do que a ajuda em si.

Fonte: Warneken & Tomasello (2006), Science.

#ninguemnasceensinado #desenvolvimentoinfantil #bebes #autonomia #cooperacao #pais",Aprovado,,,media/2026-11/P27
N27,2026-11-27 20:15,STORY,https://raw.githubusercontent.com/mpcbarbosa/ninguem-nasce-ensinado-media/main/media/2026-11/N27/01.jpg,,Aprovado,Story «novo post» — sai depois do post P27,,media/2026-11/N27
P28,2026-11-30 20:00,CARROSSEL,"https://raw.githubusercontent.com/mpcbarbosa/ninguem-nasce-ensinado-media/main/media/2026-11/P28/01.jpg,https://raw.githubusercontent.com/mpcbarbosa/ninguem-nasce-ensinado-media/main/media/2026-11/P28/02.jpg,https://raw.githubusercontent.com/mpcbarbosa/ninguem-nasce-ensinado-media/main/media/2026-11/P28/03.jpg,https://raw.githubusercontent.com/mpcbarbosa/ninguem-nasce-ensinado-media/main/media/2026-11/P28/04.jpg,https://raw.githubusercontent.com/mpcbarbosa/ninguem-nasce-ensinado-media/main/media/2026-11/P28/05.jpg,https://raw.githubusercontent.com/mpcbarbosa/ninguem-nasce-ensinado-media/main/media/2026-11/P28/06.jpg","A frase sai com carinho. Mas pode chegar de outra maneira.

«Eu também era péssimo» pode passar a ideia de que a matemática é só para alguns. Num estudo (com adultos, em cenários imaginados), quem recebeu este consolo ficou menos motivado e com expectativas mais baixas. A ligação entre ansiedade matemática e desempenho está bem documentada e existe desde a infância; a direção é provavelmente nos dois sentidos. Vários estudos sugerem que, para pais que não se sentem à vontade com a matemática, a solução não é deixar de ajudar: é ajudar de outra forma, com calma e atividades curtas.

Fonte: Rattan, Good & Dweck (2012), Journal of Experimental Social Psychology; Barroso et al. (2021), Psychological Bulletin; Maloney et al. (2015), Psychological Science; Berkowitz et al. (2015), Science.

#ninguemnasceensinado #matematica #ansiedadematematica #tpc #mentalidadedecrescimento #pais #professores",Aprovado,,,media/2026-11/P28
N28,2026-11-30 20:15,STORY,https://raw.githubusercontent.com/mpcbarbosa/ninguem-nasce-ensinado-media/main/media/2026-11/N28/01.jpg,,Aprovado,Story «novo post» — sai depois do post P28,,media/2026-11/N28
